1500,10,0.7292149,0.787538452877482,459.60727047920227
1500,10,0.7292149,0.787538452877482,460.26162672042847
1500,10,0.7292149,0.787538452877482,456.6171097755432
1500,10,0.7292149,0.787538452877482,463.61557960510254
1500,10,0.7292149,0.787538452877482,484.5855779647827
1500,10,0.7292149,0.787538452877482,473.8778576850891
1500,10,0.7292149,0.787538452877482,472.6396014690399
1500,10,0.7292149,0.787538452877482,478.0365128517151
1500,10,0.7292149,0.787538452877482,475.2002077102661
1500,10,0.7292149,0.787538452877482,473.64922761917114
1500,10,0.7292149,0.787538452877482,469.6611518859863
1500,10,0.7292149,0.787538452877482,474.1820228099823
1500,10,0.7292149,0.787538452877482,473.7756538391113
1500,10,0.7292149,0.787538452877482,469.8702049255371
1500,10,0.7292149,0.787538452877482,470.6729700565338
1500,10,0.7292149,0.787538452877482,468.95294165611267
1500,10,0.7292149,0.787538452877482,475.18104791641235
1500,10,0.7292149,0.787538452877482,464.95526671409607
1500,10,0.7292149,0.787538452877482,482.6790716648102
1500,10,0.7292149,0.787538452877482,493.33859872817993
1500,10,0.7292149,0.787538452877482,476.1292767524719
1500,10,0.7292149,0.787538452877482,475.6270627975464
1500,10,0.7292149,0.787538452877482,471.37931394577026
1500,10,0.7292149,0.787538452877482,472.28186297416687
1500,10,0.7292149,0.787538452877482,473.052752494812
1500,10,0.7292149,0.787538452877482,482.264851808548
1500,10,0.7292149,0.787538452877482,476.4398365020752
1500,10,0.7292149,0.787538452877482,477.1581959724426
1500,10,0.7292149,0.787538452877482,470.85378885269165
1500,10,0.7292149,0.787538452877482,471.827068567276
1500,10,0.7292149,0.787538452877482,467.51654052734375
1500,10,0.7292149,0.787538452877482,470.74591970443726
1500,10,0.7292149,0.787538452877482,469.27614068984985
1500,10,0.7292149,0.787538452877482,470.75306582450867
1500,10,0.7292149,0.787538452877482,464.9116246700287
1500,10,0.7292149,0.787538452877482,461.2963185310364
1500,10,0.7292149,0.787538452877482,465.22721910476685
1500,10,0.7292149,0.787538452877482,459.1460165977478
1500,10,0.7292149,0.787538452877482,464.8275008201599
1500,10,0.7292149,0.787538452877482,466.88515973091125
1500,10,0.7292149,0.787538452877482,469.8930697441101
1500,10,0.7292149,0.787538452877482,461.3604974746704
1500,10,0.7292149,0.787538452877482,468.1623287200928
1500,10,0.7292149,0.787538452877482,458.9657928943634
1500,10,0.7292149,0.787538452877482,463.6913437843323
1500,10,0.7292149,0.787538452877482,458.8351306915283
1500,10,0.7292149,0.787538452877482,457.8521237373352
1500,10,0.7292149,0.787538452877482,457.8965735435486
1500,10,0.7292149,0.787538452877482,453.22289752960205
1500,10,0.7292149,0.787538452877482,448.3229467868805
420,10,0.72947234,0.789971388947396,438.5085117816925
420,10,0.72947234,0.789971388947396,448.18111991882324
420,10,0.72947234,0.789971388947396,444.1141197681427
420,10,0.72947234,0.789971388947396,460.14869689941406
420,10,0.72947234,0.789971388947396,478.6314129829407
420,10,0.72947234,0.789971388947396,481.383496761322
420,10,0.72947234,0.789971388947396,475.9798858165741
420,10,0.72947234,0.789971388947396,481.01074385643005
420,10,0.72947234,0.789971388947396,480.47745871543884
420,10,0.72947234,0.789971388947396,481.22079396247864
420,10,0.72947234,0.789971388947396,485.4068377017975
420,10,0.72947234,0.789971388947396,484.440712928772
420,10,0.72947234,0.789971388947396,483.8087558746338
420,10,0.72947234,0.789971388947396,486.237557888031
420,10,0.72947234,0.789971388947396,483.3228168487549
420,10,0.72947234,0.789971388947396,485.14097785949707
420,10,0.72947234,0.789971388947396,485.7510130405426
420,10,0.72947234,0.789971388947396,489.1318337917328
420,10,0.72947234,0.789971388947396,486.3920249938965
420,10,0.72947234,0.789971388947396,486.73239278793335
420,10,0.72947234,0.789971388947396,483.21442794799805
420,10,0.72947234,0.789971388947396,477.53840494155884
420,10,0.72947234,0.789971388947396,484.6582658290863
420,10,0.72947234,0.789971388947396,485.00572776794434
420,10,0.72947234,0.789971388947396,485.52286100387573
420,10,0.72947234,0.789971388947396,488.2663118839264
420,10,0.72947234,0.789971388947396,490.4418330192566
420,10,0.72947234,0.789971388947396,485.1202700138092
420,10,0.72947234,0.789971388947396,489.38925194740295
420,10,0.72947234,0.789971388947396,487.0450916290283
420,10,0.72947234,0.789971388947396,490.64095163345337
420,10,0.72947234,0.789971388947396,490.8415961265564
420,10,0.72947234,0.789971388947396,487.3837239742279
420,10,0.72947234,0.789971388947396,491.2767469882965
420,10,0.72947234,0.789971388947396,492.6629409790039
420,10,0.72947234,0.789971388947396,491.39255714416504
420,10,0.72947234,0.789971388947396,486.02123498916626
420,10,0.72947234,0.789971388947396,491.9414141178131
420,10,0.72947234,0.789971388947396,488.745502948761
420,10,0.72947234,0.789971388947396,490.32580304145813
420,10,0.72947234,0.789971388947396,488.8713147640228
420,10,0.72947234,0.789971388947396,482.4099078178406
420,10,0.72947234,0.789971388947396,487.88760590553284
420,10,0.72947234,0.789971388947396,492.19156193733215
420,10,0.72947234,0.789971388947396,493.4007296562195
420,10,0.72947234,0.789971388947396,492.1514039039612
420,10,0.72947234,0.789971388947396,491.9019010066986
420,10,0.72947234,0.789971388947396,493.7305951118469
420,10,0.72947234,0.789971388947396,492.4779498577118
420,10,0.72947234,0.789971388947396,498.8840000629425
360,10,0.72947234,0.789971388947396,504.68602180480957
360,10,0.72947234,0.789971388947396,500.910852432251
360,10,0.72947234,0.789971388947396,504.9481625556946
360,10,0.72947234,0.789971388947396,489.7604067325592
360,10,0.72947234,0.789971388947396,495.3067343235016
360,10,0.72947234,0.789971388947396,499.44296288490295
360,10,0.72947234,0.789971388947396,500.55269050598145
360,10,0.72947234,0.789971388947396,501.160525560379
360,10,0.72947234,0.789971388947396,504.5906774997711
360,10,0.72947234,0.789971388947396,502.43871331214905
360,10,0.72947234,0.789971388947396,495.7503044605255
360,10,0.72947234,0.789971388947396,503.04700469970703
360,10,0.72947234,0.789971388947396,495.9972417354584
360,10,0.72947234,0.789971388947396,496.03252053260803
360,10,0.72947234,0.789971388947396,497.7410247325897
360,10,0.72947234,0.789971388947396,498.1711163520813
360,10,0.72947234,0.789971388947396,497.7003073692322
360,10,0.72947234,0.789971388947396,487.6869692802429
360,10,0.72947234,0.789971388947396,485.4370594024658
360,10,0.72947234,0.789971388947396,488.439222574234
360,10,0.72947234,0.789971388947396,479.4442596435547
360,10,0.72947234,0.789971388947396,486.8162226676941
360,10,0.72947234,0.789971388947396,485.0640106201172
360,10,0.72947234,0.789971388947396,485.9809126853943
360,10,0.72947234,0.789971388947396,490.930189371109
360,10,0.72947234,0.789971388947396,487.5161213874817
360,10,0.72947234,0.789971388947396,490.4951117038727
360,10,0.72947234,0.789971388947396,489.3861286640167
360,10,0.72947234,0.789971388947396,486.85963249206543
360,10,0.72947234,0.789971388947396,484.7126317024231
360,10,0.72947234,0.789971388947396,489.45198369026184
360,10,0.72947234,0.789971388947396,481.7105116844177
360,10,0.72947234,0.789971388947396,477.4886565208435
360,10,0.72947234,0.789971388947396,491.7334814071655
360,10,0.72947234,0.789971388947396,483.799599647522
360,10,0.72947234,0.789971388947396,480.3848865032196
360,10,0.72947234,0.789971388947396,477.3253347873688
360,10,0.72947234,0.789971388947396,481.13797664642334
360,10,0.72947234,0.789971388947396,483.05972170829773
360,10,0.72947234,0.789971388947396,482.3840277194977
360,10,0.72947234,0.789971388947396,523.2301845550537
360,10,0.72947234,0.789971388947396,480.2739408016205
360,10,0.72947234,0.789971388947396,482.4147005081177
360,10,0.72947234,0.789971388947396,474.7365117073059
360,10,0.72947234,0.789971388947396,478.1635067462921
360,10,0.72947234,0.789971388947396,473.7012474536896
360,10,0.72947234,0.789971388947396,474.9749593734741
360,10,0.72947234,0.789971388947396,471.36665081977844
360,10,0.72947234,0.789971388947396,477.5402534008026
360,10,0.72947234,0.789971388947396,473.8313546180725
300,10,0.72947234,0.789971388947396,452.7065227031708
300,10,0.72947234,0.789971388947396,460.15486097335815
300,10,0.72947234,0.789971388947396,463.7001497745514
300,10,0.72947234,0.789971388947396,464.54607486724854
300,10,0.72947234,0.789971388947396,468.04148983955383
300,10,0.72947234,0.789971388947396,470.16947889328003
300,10,0.72947234,0.789971388947396,473.3801579475403
300,10,0.72947234,0.789971388947396,473.18692660331726
300,10,0.72947234,0.789971388947396,471.02206587791443
300,10,0.72947234,0.789971388947396,468.1933617591858
300,10,0.72947234,0.789971388947396,473.1323456764221
300,10,0.72947234,0.789971388947396,480.43635082244873
300,10,0.72947234,0.789971388947396,477.10799264907837
300,10,0.72947234,0.789971388947396,477.5668525695801
300,10,0.72947234,0.789971388947396,486.4391758441925
300,10,0.72947234,0.789971388947396,483.51308012008667
300,10,0.72947234,0.789971388947396,480.521342754364
300,10,0.72947234,0.789971388947396,483.7838976383209
300,10,0.72947234,0.789971388947396,489.57064485549927
300,10,0.72947234,0.789971388947396,484.792133808136
300,10,0.72947234,0.789971388947396,486.55304169654846
300,10,0.72947234,0.789971388947396,482.2943389415741
300,10,0.72947234,0.789971388947396,488.2401387691498
300,10,0.72947234,0.789971388947396,485.7935879230499
300,10,0.72947234,0.789971388947396,490.9334466457367
300,10,0.72947234,0.789971388947396,489.49609184265137
300,10,0.72947234,0.789971388947396,495.89584589004517
300,10,0.72947234,0.789971388947396,489.2288646697998
300,10,0.72947234,0.789971388947396,488.5344748497009
300,10,0.72947234,0.789971388947396,486.41800808906555
300,10,0.72947234,0.789971388947396,489.480477809906
300,10,0.72947234,0.789971388947396,492.4133906364441
300,10,0.72947234,0.789971388947396,490.9846498966217
300,10,0.72947234,0.789971388947396,498.50204586982727
300,10,0.72947234,0.789971388947396,495.9920709133148
300,10,0.72947234,0.789971388947396,493.36900877952576
300,10,0.72947234,0.789971388947396,496.99511909484863
300,10,0.72947234,0.789971388947396,492.9740149974823
300,10,0.72947234,0.789971388947396,479.63869976997375
300,10,0.72947234,0.789971388947396,500.16056275367737
300,10,0.72947234,0.789971388947396,501.88980984687805
300,10,0.72947234,0.789971388947396,502.5962338447571
300,10,0.72947234,0.789971388947396,500.0432667732239
300,10,0.72947234,0.789971388947396,496.8553409576416
300,10,0.72947234,0.789971388947396,502.58214688301086
300,10,0.72947234,0.789971388947396,500.74890661239624
300,10,0.72947234,0.789971388947396,499.8125150203705
300,10,0.72947234,0.789971388947396,499.3386926651001
300,10,0.72947234,0.789971388947396,480.7654037475586
300,10,0.72947234,0.789971388947396,502.9116587638855
240,10,0.72947234,0.789971388947396,498.86245369911194
240,10,0.72947234,0.789971388947396,495.82888293266296
240,10,0.72947234,0.789971388947396,507.14728689193726
240,10,0.72947234,0.789971388947396,503.36248087882996
240,10,0.72947234,0.789971388947396,501.8292329311371
240,10,0.72947234,0.789971388947396,506.38371992111206
240,10,0.72947234,0.789971388947396,506.5769636631012
240,10,0.72947234,0.789971388947396,505.0779309272766
240,10,0.72947234,0.789971388947396,502.0999140739441
240,10,0.72947234,0.789971388947396,501.5545678138733
240,10,0.72947234,0.789971388947396,496.9322419166565
240,10,0.72947234,0.789971388947396,506.77505469322205
240,10,0.72947234,0.789971388947396,500.7070846557617
240,10,0.72947234,0.789971388947396,501.9617350101471
240,10,0.72947234,0.789971388947396,503.5546796321869
240,10,0.72947234,0.789971388947396,499.7923038005829
240,10,0.72947234,0.789971388947396,503.08457589149475
240,10,0.72947234,0.789971388947396,502.3381857872009
240,10,0.72947234,0.789971388947396,508.0307230949402
240,10,0.72947234,0.789971388947396,503.8240509033203
240,10,0.72947234,0.789971388947396,508.1557958126068
240,10,0.72947234,0.789971388947396,504.8474848270416
240,10,0.72947234,0.789971388947396,507.35126876831055
240,10,0.72947234,0.789971388947396,496.1034297943115
240,10,0.72947234,0.789971388947396,498.61075472831726
240,10,0.72947234,0.789971388947396,495.3702368736267
240,10,0.72947234,0.789971388947396,496.69451665878296
240,10,0.72947234,0.789971388947396,491.9283790588379
240,10,0.72947234,0.789971388947396,484.3241820335388
240,10,0.72947234,0.789971388947396,488.57432222366333
240,10,0.72947234,0.789971388947396,480.3171126842499
240,10,0.72947234,0.789971388947396,479.77639174461365
240,10,0.72947234,0.789971388947396,479.20966386795044
240,10,0.72947234,0.789971388947396,485.8383147716522
240,10,0.72947234,0.789971388947396,486.9579429626465
240,10,0.72947234,0.789971388947396,487.92286467552185
240,10,0.72947234,0.789971388947396,493.0886468887329
240,10,0.72947234,0.789971388947396,486.5220718383789
240,10,0.72947234,0.789971388947396,486.7130959033966
240,10,0.72947234,0.789971388947396,486.58341813087463
240,10,0.72947234,0.789971388947396,489.04960799217224
240,10,0.72947234,0.789971388947396,476.45228695869446
240,10,0.72947234,0.789971388947396,476.27124977111816
240,10,0.72947234,0.789971388947396,483.77707386016846
240,10,0.72947234,0.789971388947396,485.93563079833984
240,10,0.72947234,0.789971388947396,484.0005326271057
240,10,0.72947234,0.789971388947396,480.9883027076721
240,10,0.72947234,0.789971388947396,510.8638129234314
240,10,0.72947234,0.789971388947396,513.2748589515686
240,10,0.72947234,0.789971388947396,485.62925004959106
240,20,0.6898327,0.9582371476994518,893.9622662067413
240,20,0.6898327,0.9582371476994518,918.4100728034973
240,20,0.6898327,0.9582371476994518,909.071878194809
240,20,0.6898327,0.9582371476994518,899.5944941043854
240,20,0.6898327,0.9582371476994518,894.2693021297455
240,20,0.6898327,0.9582371476994518,897.7378749847412
240,20,0.6898327,0.9582371476994518,887.1467370986938
240,20,0.6898327,0.9582371476994518,887.5502171516418
240,20,0.6898327,0.9582371476994518,897.207108259201
240,20,0.6898327,0.9582371476994518,890.5554881095886
240,20,0.6898327,0.9582371476994518,888.5553557872772
240,20,0.6898327,0.9582371476994518,885.1853652000427
240,20,0.6898327,0.9582371476994518,879.8717939853668
240,20,0.6898327,0.9582371476994518,874.9965631961823
240,20,0.6898327,0.9582371476994518,879.7731029987335
240,20,0.6898327,0.9582371476994518,876.2012331485748
240,20,0.6898327,0.9582371476994518,879.96222615242
240,20,0.6898327,0.9582371476994518,871.5424461364746
240,20,0.6898327,0.9582371476994518,865.7730181217194
240,20,0.6898327,0.9582371476994518,862.8188629150391
240,20,0.6898327,0.9582371476994518,867.2953362464905
240,20,0.6898327,0.9582371476994518,868.9463241100311
240,20,0.6898327,0.9582371476994518,866.1422526836395
240,20,0.6898327,0.9582371476994518,868.3072907924652
240,20,0.6898327,0.9582371476994518,879.675952911377
240,20,0.6898327,0.9582371476994518,892.6011390686035
240,20,0.6898327,0.9582371476994518,876.1243453025818
240,20,0.6898327,0.9582371476994518,877.012303352356
240,20,0.6898327,0.9582371476994518,876.4117980003357
240,20,0.6898327,0.9582371476994518,881.9360568523407
240,20,0.6898327,0.9582371476994518,880.2500450611115
240,20,0.6898327,0.9582371476994518,873.5009169578552
240,20,0.6898327,0.9582371476994518,890.572493314743
240,20,0.6898327,0.9582371476994518,906.4981820583344
240,20,0.6898327,0.9582371476994518,886.3470401763916
240,20,0.6898327,0.9582371476994518,893.4000241756439
240,20,0.6898327,0.9582371476994518,908.7408268451691
240,20,0.6898327,0.9582371476994518,906.6066310405731
240,20,0.6898327,0.9582371476994518,908.3272340297699
240,20,0.6898327,0.9582371476994518,909.788492679596
240,20,0.6898327,0.9582371476994518,905.9573681354523
240,20,0.6898327,0.9582371476994518,910.210098028183
240,20,0.6898327,0.9582371476994518,922.2581157684326
240,20,0.6898327,0.9582371476994518,929.6165418624878
240,20,0.6898327,0.9582371476994518,928.7044088840485
240,20,0.6898327,0.9582371476994518,920.1917581558228
240,20,0.6898327,0.9582371476994518,917.9375302791595
240,20,0.6898327,0.9582371476994518,923.1281061172485
240,20,0.6898327,0.9582371476994518,923.5250668525696
240,20,0.6898327,0.9582371476994518,922.3494760990143
240,30,0.74234235,0.9032835944432243,1285.2306208610535
240,30,0.74234235,0.9032835944432243,1344.055755853653
240,30,0.74234235,0.9032835944432243,1378.5688030719757
240,30,0.74234235,0.9032835944432243,1365.9948258399963
240,30,0.74234235,0.9032835944432243,1372.4740738868713
240,30,0.74234235,0.9032835944432243,1365.4105138778687
240,30,0.74234235,0.9032835944432243,1376.3525478839874
240,30,0.74234235,0.9032835944432243,1384.1985969543457
240,30,0.74234235,0.9032835944432243,1374.0655710697174
240,30,0.74234235,0.9032835944432243,1381.9185037612915
240,30,0.74234235,0.9032835944432243,1375.5539779663086
240,30,0.74234235,0.9032835944432243,1387.1200878620148
240,30,0.74234235,0.9032835944432243,1377.4067659378052
240,30,0.74234235,0.9032835944432243,1376.3811469078064
240,30,0.74234235,0.9032835944432243,1391.2549760341644
240,30,0.74234235,0.9032835944432243,1369.7246599197388
240,30,0.74234235,0.9032835944432243,1360.8202466964722
240,30,0.74234235,0.9032835944432243,1364.402953863144
240,30,0.74234235,0.9032835944432243,1359.6389858722687
240,30,0.74234235,0.9032835944432243,1360.0551867485046
240,30,0.74234235,0.9032835944432243,1356.295418024063
240,30,0.74234235,0.9032835944432243,1357.4943008422852
240,30,0.74234235,0.9032835944432243,1347.7664477825165
240,30,0.74234235,0.9032835944432243,1348.7859420776367
240,30,0.74234235,0.9032835944432243,1350.3197219371796
240,30,0.74234235,0.9032835944432243,1386.8289568424225
240,30,0.74234235,0.9032835944432243,1335.4392518997192
240,30,0.74234235,0.9032835944432243,1315.8350009918213
240,30,0.74234235,0.9032835944432243,1321.785208940506
240,30,0.74234235,0.9032835944432243,1321.7972359657288
240,30,0.74234235,0.9032835944432243,1321.3425226211548
240,30,0.74234235,0.9032835944432243,1309.0933680534363
240,30,0.74234235,0.9032835944432243,1313.5736031532288
240,30,0.74234235,0.9032835944432243,1291.8009066581726
240,30,0.74234235,0.9032835944432243,1285.5122559070587
240,30,0.74234235,0.9032835944432243,1290.1473808288574
240,30,0.74234235,0.9032835944432243,1281.1952090263367
240,30,0.74234235,0.9032835944432243,1269.7937989234924
240,30,0.74234235,0.9032835944432243,1270.186383008957
240,30,0.74234235,0.9032835944432243,1252.1339812278748
240,30,0.74234235,0.9032835944432243,1243.9639377593994
240,30,0.74234235,0.9032835944432243,1278.5248930454254
240,30,0.74234235,0.9032835944432243,1264.3557889461517
240,30,0.74234235,0.9032835944432243,1247.9737167358398
240,30,0.74234235,0.9032835944432243,1251.3231461048126
240,30,0.74234235,0.9032835944432243,1259.6137657165527
240,30,0.74234235,0.9032835944432243,1270.5729949474335
240,30,0.74234235,0.9032835944432243,1291.0934040546417
240,30,0.74234235,0.9032835944432243,1298.78910779953
240,30,0.74234235,0.9032835944432243,1307.500638961792
240,40,0.7382239,0.7255403038761561,1755.026700258255
240,40,0.7382239,0.7255403038761561,1787.1186871528625
240,40,0.7382239,0.7255403038761561,1797.1009721755981
240,40,0.7382239,0.7255403038761561,1798.4570882320404
240,40,0.7382239,0.7255403038761561,1818.9745302200317
240,40,0.7382239,0.7255403038761561,1807.226963043213
240,40,0.7382239,0.7255403038761561,1817.1001303195953
240,40,0.7382239,0.7255403038761561,1833.238810300827
240,40,0.7382239,0.7255403038761561,1830.8689680099487
240,40,0.7382239,0.7255403038761561,1854.716066122055
240,40,0.7382239,0.7255403038761561,1850.9268822669983
240,40,0.7382239,0.7255403038761561,1894.8973002433777
240,40,0.7382239,0.7255403038761561,1924.7258920669556
240,40,0.7382239,0.7255403038761561,1934.988047361374
240,40,0.7382239,0.7255403038761561,1959.5346083641052
240,40,0.7382239,0.7255403038761561,1950.3922882080078
240,40,0.7382239,0.7255403038761561,1967.708357334137
240,40,0.7382239,0.7255403038761561,1966.3476731777191
240,40,0.7382239,0.7255403038761561,1935.1758961677551
240,40,0.7382239,0.7255403038761561,1925.251950263977
240,40,0.7382239,0.7255403038761561,1905.969650030136
240,40,0.7382239,0.7255403038761561,1917.0218431949615
240,40,0.7382239,0.7255403038761561,1888.3718373775482
240,40,0.7382239,0.7255403038761561,1880.2193040847778
240,40,0.7382239,0.7255403038761561,1891.3123152256012
240,40,0.7382239,0.7255403038761561,1861.6138982772827
240,40,0.7382239,0.7255403038761561,1862.096720457077
240,40,0.7382239,0.7255403038761561,1847.1741871833801
240,40,0.7382239,0.7255403038761561,1840.4573380947113
240,40,0.7382239,0.7255403038761561,1820.864347934723
240,40,0.7382239,0.7255403038761561,1825.2725820541382
240,40,0.7382239,0.7255403038761561,1811.0051164627075
240,40,0.7382239,0.7255403038761561,1810.6545581817627
240,40,0.7382239,0.7255403038761561,1792.9473524093628
240,40,0.7382239,0.7255403038761561,1782.1207222938538
240,40,0.7382239,0.7255403038761561,1769.2602903842926
240,40,0.7382239,0.7255403038761561,1769.2651612758636
240,40,0.7382239,0.7255403038761561,1795.3406338691711
240,40,0.7382239,0.7255403038761561,1806.0817532539368
240,40,0.7382239,0.7255403038761561,1798.7949261665344
240,40,0.7382239,0.7255403038761561,1817.5125830173492
240,40,0.7382239,0.7255403038761561,1830.0375561714172
240,40,0.7382239,0.7255403038761561,1869.601951122284
240,40,0.7382239,0.7255403038761561,1889.642391204834
240,40,0.7382239,0.7255403038761561,1894.0661549568176
240,40,0.7382239,0.7255403038761561,1893.1335010528564
240,40,0.7382239,0.7255403038761561,1902.2937779426575
240,40,0.7382239,0.7255403038761561,1903.2800312042236
240,40,0.7382239,0.7255403038761561,1922.8340451717377
240,40,0.7382239,0.7255403038761561,1906.695706129074
300,40,0.7382239,0.7255403038761561,1956.9621901512146
300,40,0.7382239,0.7255403038761561,1958.3651762008667
300,40,0.7382239,0.7255403038761561,1977.7240569591522
300,40,0.7382239,0.7255403038761561,1973.7445268630981
300,40,0.7382239,0.7255403038761561,1987.5921759605408
300,40,0.7382239,0.7255403038761561,1979.9772999286652
300,40,0.7382239,0.7255403038761561,1987.8424451351166
300,40,0.7382239,0.7255403038761561,1983.9817099571228
300,40,0.7382239,0.7255403038761561,1987.6576838493347
300,40,0.7382239,0.7255403038761561,1983.771228313446
300,40,0.7382239,0.7255403038761561,1986.7497248649597
300,40,0.7382239,0.7255403038761561,1932.8748998641968
300,40,0.7382239,0.7255403038761561,1960.3724439144135
300,40,0.7382239,0.7255403038761561,1976.0427830219269
300,40,0.7382239,0.7255403038761561,1942.4346261024475
300,40,0.7382239,0.7255403038761561,1926.0083529949188
300,40,0.7382239,0.7255403038761561,1980.5619688034058
300,40,0.7382239,0.7255403038761561,1922.1034438610077
300,40,0.7382239,0.7255403038761561,1904.6680879592896
300,40,0.7382239,0.7255403038761561,1896.3168461322784
300,40,0.7382239,0.7255403038761561,1906.1762790679932
300,40,0.7382239,0.7255403038761561,1905.7292580604553
300,40,0.7382239,0.7255403038761561,1915.4755058288574
300,40,0.7382239,0.7255403038761561,1890.794456243515
300,40,0.7382239,0.7255403038761561,1892.7437608242035
300,40,0.7382239,0.7255403038761561,1909.4712839126587
300,40,0.7382239,0.7255403038761561,1905.6524379253387
300,40,0.7382239,0.7255403038761561,1876.2771949768066
300,40,0.7382239,0.7255403038761561,1867.474909067154
300,40,0.7382239,0.7255403038761561,1812.9355952739716
300,40,0.7382239,0.7255403038761561,1848.231015920639
300,40,0.7382239,0.7255403038761561,1845.3397252559662
300,40,0.7382239,0.7255403038761561,1851.6805582046509
300,40,0.7382239,0.7255403038761561,1834.3333613872528
300,40,0.7382239,0.7255403038761561,1849.5231161117554
300,40,0.7382239,0.7255403038761561,1854.5101470947266
300,40,0.7382239,0.7255403038761561,1873.39799618721
300,40,0.7382239,0.7255403038761561,1885.9620957374573
300,40,0.7382239,0.7255403038761561,1890.7990221977234
300,40,0.7382239,0.7255403038761561,1907.0772321224213
300,40,0.7382239,0.7255403038761561,1922.7320199012756
300,40,0.7382239,0.7255403038761561,1950.7705972194672
300,40,0.7382239,0.7255403038761561,1949.3325216770172
300,40,0.7382239,0.7255403038761561,1967.6124157905579
300,40,0.7382239,0.7255403038761561,1953.4582858085632
300,40,0.7382239,0.7255403038761561,1913.8364951610565
300,40,0.7382239,0.7255403038761561,1844.7343208789825
300,40,0.7382239,0.7255403038761561,1804.0139389038086
300,40,0.7382239,0.7255403038761561,1773.7441012859344
300,40,0.7382239,0.7255403038761561,1769.7086079120636
360,40,0.7382239,0.7255403038761561,1803.4542381763458
360,40,0.7382239,0.7255403038761561,1817.818840265274
360,40,0.7382239,0.7255403038761561,1807.573163986206
360,40,0.7382239,0.7255403038761561,1826.7803421020508
360,40,0.7382239,0.7255403038761561,1830.3330974578857
360,40,0.7382239,0.7255403038761561,1835.7828452587128
360,40,0.7382239,0.7255403038761561,1846.6603240966797
360,40,0.7382239,0.7255403038761561,1835.2954092025757
360,40,0.7382239,0.7255403038761561,1948.2342991828918
360,40,0.7382239,0.7255403038761561,1800.762751340866
360,40,0.7382239,0.7255403038761561,1781.4356791973114
360,40,0.7382239,0.7255403038761561,1761.91698884964
360,40,0.7382239,0.7255403038761561,1737.0070731639862
360,40,0.7382239,0.7255403038761561,1718.2465991973877
360,40,0.7382239,0.7255403038761561,1733.86554813385
360,40,0.7382239,0.7255403038761561,1731.3264291286469
360,40,0.7382239,0.7255403038761561,1709.3617498874664
360,40,0.7382239,0.7255403038761561,1699.5760281085968
360,40,0.7382239,0.7255403038761561,1717.9854671955109
360,40,0.7382239,0.7255403038761561,1704.133884191513
360,40,0.7382239,0.7255403038761561,1696.4306712150574
360,40,0.7382239,0.7255403038761561,1714.614467382431
360,40,0.7382239,0.7255403038761561,1748.1485419273376
360,40,0.7382239,0.7255403038761561,1731.1052951812744
360,40,0.7382239,0.7255403038761561,1727.6913022994995
360,40,0.7382239,0.7255403038761561,1734.4258091449738
360,40,0.7382239,0.7255403038761561,1747.6432571411133
360,40,0.7382239,0.7255403038761561,1774.5095043182373
360,40,0.7382239,0.7255403038761561,1807.0441598892212
360,40,0.7382239,0.7255403038761561,1824.3944442272186
360,40,0.7382239,0.7255403038761561,1840.2698321342468
360,40,0.7382239,0.7255403038761561,1852.8836960792542
360,40,0.7382239,0.7255403038761561,1851.876160144806
360,40,0.7382239,0.7255403038761561,1851.57839012146
360,40,0.7382239,0.7255403038761561,1872.2406179904938
360,40,0.7382239,0.7255403038761561,1880.014855146408
360,40,0.7382239,0.7255403038761561,1902.3038713932037
360,40,0.7382239,0.7255403038761561,1912.6473503112793
360,40,0.7382239,0.7255403038761561,1914.4280133247375
360,40,0.7382239,0.7255403038761561,1925.7376520633698
360,40,0.7382239,0.7255403038761561,1916.7880420684814
360,40,0.7382239,0.7255403038761561,1914.6566722393036
360,40,0.7382239,0.7255403038761561,1942.9623880386353
360,40,0.7382239,0.7255403038761561,1933.5187871456146
360,40,0.7382239,0.7255403038761561,1954.7824714183807
360,40,0.7382239,0.7255403038761561,1953.6707601547241
360,40,0.7382239,0.7255403038761561,1959.2765679359436
360,40,0.7382239,0.7255403038761561,1949.9827711582184
360,40,0.7382239,0.7255403038761561,1935.0000281333923
360,40,0.7382239,0.7255403038761561,1935.9294521808624
420,40,0.7382239,0.7255403038761561,1889.6142501831055
420,40,0.7382239,0.7255403038761561,1872.410804271698
420,40,0.7382239,0.7255403038761561,1917.7483260631561
420,40,0.7382239,0.7255403038761561,1858.1049733161926
420,40,0.7382239,0.7255403038761561,1848.2899403572083
420,40,0.7382239,0.7255403038761561,1820.0138182640076
420,40,0.7382239,0.7255403038761561,1831.0283381938934
420,40,0.7382239,0.7255403038761561,1839.2246010303497
420,40,0.7382239,0.7255403038761561,1811.884836435318
420,40,0.7382239,0.7255403038761561,1811.1252093315125
420,40,0.7382239,0.7255403038761561,1816.512930393219
420,40,0.7382239,0.7255403038761561,1801.920674085617
420,40,0.7382239,0.7255403038761561,1830.82488322258
420,40,0.7382239,0.7255403038761561,1819.2910940647125
420,40,0.7382239,0.7255403038761561,1778.9683091640472
420,40,0.7382239,0.7255403038761561,1778.6791894435883
420,40,0.7382239,0.7255403038761561,1775.1243374347687
420,40,0.7382239,0.7255403038761561,1768.89661693573
420,40,0.7382239,0.7255403038761561,1782.5594420433044
420,40,0.7382239,0.7255403038761561,1820.3748462200165
420,40,0.7382239,0.7255403038761561,1812.689753293991
420,40,0.7382239,0.7255403038761561,1849.1996111869812
420,40,0.7382239,0.7255403038761561,1856.1541981697083
420,40,0.7382239,0.7255403038761561,1874.5568873882294
420,40,0.7382239,0.7255403038761561,1872.5081703662872
420,40,0.7382239,0.7255403038761561,1877.0029711723328
420,40,0.7382239,0.7255403038761561,1915.3448104858398
420,40,0.7382239,0.7255403038761561,1901.5055770874023
420,40,0.7382239,0.7255403038761561,1897.2335834503174
420,40,0.7382239,0.7255403038761561,1910.8896951675415
420,40,0.7382239,0.7255403038761561,1918.5832405090332
420,40,0.7382239,0.7255403038761561,1915.8882112503052
420,40,0.7382239,0.7255403038761561,1909.3755061626434
420,40,0.7382239,0.7255403038761561,1933.2194073200226
420,40,0.7382239,0.7255403038761561,1944.5870072841644
420,40,0.7382239,0.7255403038761561,1929.5921874046326
420,40,0.7382239,0.7255403038761561,1941.317750453949
420,40,0.7382239,0.7255403038761561,1931.476645231247
420,40,0.7382239,0.7255403038761561,1956.3812313079834
420,40,0.7382239,0.7255403038761561,1947.6621360778809
420,40,0.7382239,0.7255403038761561,1947.1214573383331
420,40,0.7382239,0.7255403038761561,1920.4711980819702
420,40,0.7382239,0.7255403038761561,1909.8475542068481
420,40,0.7382239,0.7255403038761561,1891.0897340774536
420,40,0.7382239,0.7255403038761561,1869.7805902957916
420,40,0.7382239,0.7255403038761561,1848.9097201824188
420,40,0.7382239,0.7255403038761561,1828.1811504364014
420,40,0.7382239,0.7255403038761561,1916.3569912910461
420,40,0.7382239,0.7255403038761561,1846.2919664382935
420,40,0.7382239,0.7255403038761561,1819.3591423034668
420,30,0.74234235,0.9032835944432243,1344.6571748256683
420,30,0.74234235,0.9032835944432243,1390.354796886444
420,30,0.74234235,0.9032835944432243,1439.6010160446167
420,30,0.74234235,0.9032835944432243,1462.5445096492767
420,30,0.74234235,0.9032835944432243,1449.4187920093536
420,30,0.74234235,0.9032835944432243,1451.4569420814514
420,30,0.74234235,0.9032835944432243,1474.0534040927887
420,30,0.74234235,0.9032835944432243,1465.3753690719604
420,30,0.74234235,0.9032835944432243,1451.9167897701263
420,30,0.74234235,0.9032835944432243,1462.4800779819489
420,30,0.74234235,0.9032835944432243,1465.534451007843
420,30,0.74234235,0.9032835944432243,1469.301784992218
420,30,0.74234235,0.9032835944432243,1464.8206491470337
420,30,0.74234235,0.9032835944432243,1471.0054306983948
420,30,0.74234235,0.9032835944432243,1485.1070711612701
420,30,0.74234235,0.9032835944432243,1488.4330666065216
420,30,0.74234235,0.9032835944432243,1364.6676843166351
420,30,0.74234235,0.9032835944432243,1428.082659959793
420,30,0.74234235,0.9032835944432243,1440.4978320598602
420,30,0.74234235,0.9032835944432243,1393.3584959506989
420,30,0.74234235,0.9032835944432243,1424.2198641300201
420,30,0.74234235,0.9032835944432243,1435.3860597610474
420,30,0.74234235,0.9032835944432243,1553.367965221405
420,30,0.74234235,0.9032835944432243,1437.254205942154
420,30,0.74234235,0.9032835944432243,1415.7503299713135
420,30,0.74234235,0.9032835944432243,1430.6983439922333
420,30,0.74234235,0.9032835944432243,1424.027945280075
420,30,0.74234235,0.9032835944432243,1423.8185138702393
420,30,0.74234235,0.9032835944432243,1426.5712728500366
420,30,0.74234235,0.9032835944432243,1420.98574924469
420,30,0.74234235,0.9032835944432243,1421.6161501407623
420,30,0.74234235,0.9032835944432243,1425.4236481189728
420,30,0.74234235,0.9032835944432243,1431.1927199363708
420,30,0.74234235,0.9032835944432243,1400.8689832687378
420,30,0.74234235,0.9032835944432243,1388.249811887741
420,30,0.74234235,0.9032835944432243,1383.999350309372
420,30,0.74234235,0.9032835944432243,1377.4798820018768
420,30,0.74234235,0.9032835944432243,1368.8924343585968
420,30,0.74234235,0.9032835944432243,1342.2829027175903
420,30,0.74234235,0.9032835944432243,1353.109590768814
420,30,0.74234235,0.9032835944432243,1349.597013950348
420,30,0.74234235,0.9032835944432243,1376.5090959072113
420,30,0.74234235,0.9032835944432243,1397.3741838932037
420,30,0.74234235,0.9032835944432243,1416.3641140460968
420,30,0.74234235,0.9032835944432243,1417.0933010578156
420,30,0.74234235,0.9032835944432243,1425.6759819984436
420,30,0.74234235,0.9032835944432243,1424.3795433044434
420,30,0.74234235,0.9032835944432243,1436.4714641571045
420,30,0.74234235,0.9032835944432243,1434.1877179145813
420,30,0.74234235,0.9032835944432243,1437.5676341056824
420,30,0.74234235,0.9032835944432243,1451.4077520370483
420,30,0.74234235,0.9032835944432243,1462.1286630630493
420,30,0.74234235,0.9032835944432243,1487.9076189994812
420,30,0.74234235,0.9032835944432243,1460.0591750144958
420,30,0.74234235,0.9032835944432243,1456.8796441555023
420,30,0.74234235,0.9032835944432243,1483.205253124237
420,30,0.74234235,0.9032835944432243,1492.4977831840515
420,30,0.74234235,0.9032835944432243,1499.0490980148315
420,30,0.74234235,0.9032835944432243,1497.0847940444946
420,30,0.74234235,0.9032835944432243,1504.0897138118744
420,30,0.74234235,0.9032835944432243,1507.1427028179169
420,30,0.74234235,0.9032835944432243,1511.905365228653
420,30,0.74234235,0.9032835944432243,1511.1237878799438
420,30,0.74234235,0.9032835944432243,1535.018807888031
420,30,0.74234235,0.9032835944432243,1535.2233428955078
420,30,0.74234235,0.9032835944432243,1534.2371730804443
420,20,0.6898327,0.9582371476994518,1054.1667330265045
420,20,0.6898327,0.9582371476994518,1043.4430673122406
420,20,0.6898327,0.9582371476994518,1043.6341171264648
420,20,0.6898327,0.9582371476994518,1045.361925125122
420,20,0.6898327,0.9582371476994518,1052.7488813400269
420,20,0.6898327,0.9582371476994518,1046.6666691303253
420,20,0.6898327,0.9582371476994518,1038.0892300605774
420,20,0.6898327,0.9582371476994518,1045.9020502567291
420,20,0.6898327,0.9582371476994518,1046.924268245697
420,20,0.6898327,0.9582371476994518,1039.2036130428314
420,20,0.6898327,0.9582371476994518,1031.8598430156708
420,20,0.6898327,0.9582371476994518,1004.349091053009
420,20,0.6898327,0.9582371476994518,1006.405305147171
420,20,0.6898327,0.9582371476994518,1022.2733790874481
420,20,0.6898327,0.9582371476994518,1024.6735830307007
420,20,0.6898327,0.9582371476994518,1017.3804540634155
420,20,0.6898327,0.9582371476994518,1053.2041392326355
420,20,0.6898327,0.9582371476994518,1029.0906519889832
420,20,0.6898327,0.9582371476994518,1014.6358089447021
420,20,0.6898327,0.9582371476994518,1013.9625399112701
420,20,0.6898327,0.9582371476994518,1015.574816942215
420,20,0.6898327,0.9582371476994518,1000.9495449066162
420,20,0.6898327,0.9582371476994518,1013.0732688903809
420,20,0.6898327,0.9582371476994518,993.9786040782928
420,20,0.6898327,0.9582371476994518,1018.7080080509186
420,20,0.6898327,0.9582371476994518,996.51997590065
420,20,0.6898327,0.9582371476994518,995.4824109077454
420,20,0.6898327,0.9582371476994518,997.3866801261902
420,20,0.6898327,0.9582371476994518,972.0581092834473
420,20,0.6898327,0.9582371476994518,961.4626162052155
420,20,0.6898327,0.9582371476994518,965.3930549621582
420,20,0.6898327,0.9582371476994518,971.4842610359192
420,20,0.6898327,0.9582371476994518,978.2974331378937
420,20,0.6898327,0.9582371476994518,966.3734722137451
420,20,0.6898327,0.9582371476994518,971.9576938152313
420,20,0.6898327,0.9582371476994518,959.8861119747162
420,20,0.6898327,0.9582371476994518,962.5625388622284
420,20,0.6898327,0.9582371476994518,957.631425857544
420,20,0.6898327,0.9582371476994518,976.5484292507172
420,20,0.6898327,0.9582371476994518,957.0305540561676
420,20,0.6898327,0.9582371476994518,960.1500182151794
420,20,0.6898327,0.9582371476994518,940.4643261432648
420,20,0.6898327,0.9582371476994518,972.1843671798706
420,20,0.6898327,0.9582371476994518,963.7834560871124
420,20,0.6898327,0.9582371476994518,966.4725391864777
420,20,0.6898327,0.9582371476994518,981.6040759086609
420,20,0.6898327,0.9582371476994518,966.094407081604
420,20,0.6898327,0.9582371476994518,974.7185969352722
420,20,0.6898327,0.9582371476994518,973.1286141872406
420,20,0.6898327,0.9582371476994518,971.8444912433624
1500,20,0.7158301,0.8823705436745742,915.8330237865448
1500,20,0.7158301,0.8823705436745742,950.3986928462982
1500,20,0.7158301,0.8823705436745742,981.654167175293
1500,20,0.7158301,0.8823705436745742,986.0247640609741
1500,20,0.7158301,0.8823705436745742,974.3101899623871
1500,20,0.7158301,0.8823705436745742,960.4771959781647
1500,20,0.7158301,0.8823705436745742,972.7694230079651
1500,20,0.7158301,0.8823705436745742,999.3228778839111
1500,20,0.7158301,0.8823705436745742,967.0137119293213
1500,20,0.7158301,0.8823705436745742,1001.9822781085968
1500,20,0.7158301,0.8823705436745742,997.9617099761963
1500,20,0.7158301,0.8823705436745742,996.4900951385498
1500,20,0.7158301,0.8823705436745742,998.110237121582
1500,20,0.7158301,0.8823705436745742,970.5040791034698
1500,20,0.7158301,0.8823705436745742,999.0804834365845
1500,20,0.7158301,0.8823705436745742,1002.0991551876068
1500,20,0.7158301,0.8823705436745742,1002.2000548839569
1500,20,0.7158301,0.8823705436745742,1005.6444010734558
1500,20,0.7158301,0.8823705436745742,1004.2802331447601
1500,20,0.7158301,0.8823705436745742,1003.1890442371368
1500,20,0.7158301,0.8823705436745742,1006.9117243289948
1500,20,0.7158301,0.8823705436745742,1014.0820300579071
1500,20,0.7158301,0.8823705436745742,997.124528169632
1500,20,0.7158301,0.8823705436745742,998.7949500083923
1500,20,0.7158301,0.8823705436745742,1004.0180921554565
1500,20,0.7158301,0.8823705436745742,1010.0512480735779
1500,20,0.7158301,0.8823705436745742,990.2937831878662
1500,20,0.7158301,0.8823705436745742,1017.5431098937988
1500,20,0.7158301,0.8823705436745742,1003.6951341629028
1500,20,0.7158301,0.8823705436745742,996.0521020889282
1500,20,0.7158301,0.8823705436745742,1006.2036049365997
1500,20,0.7158301,0.8823705436745742,987.6991579532623
1500,20,0.7158301,0.8823705436745742,959.4755268096924
1500,20,0.7158301,0.8823705436745742,974.1919620037079
1500,20,0.7158301,0.8823705436745742,960.7457749843597
1500,20,0.7158301,0.8823705436745742,956.8896973133087
1500,20,0.7158301,0.8823705436745742,954.7793419361115
1500,20,0.7158301,0.8823705436745742,958.3713512420654
1500,20,0.7158301,0.8823705436745742,954.231956243515
1500,20,0.7158301,0.8823705436745742,958.9276959896088
1500,20,0.7158301,0.8823705436745742,955.378180027008
1500,20,0.7158301,0.8823705436745742,961.6261382102966
1500,20,0.7158301,0.8823705436745742,959.8568570613861
1500,20,0.7158301,0.8823705436745742,949.594691991806
1500,20,0.7158301,0.8823705436745742,968.9621639251709
1500,20,0.7158301,0.8823705436745742,972.6660079956055
1500,20,0.7158301,0.8823705436745742,961.7825241088867
1500,20,0.7158301,0.8823705436745742,957.6826198101044
1500,20,0.7158301,0.8823705436745742,966.059149980545
1500,20,0.7158301,0.8823705436745742,968.1989209651947
360,20,0.6898327,0.9582371476994518,927.5356049537659
360,20,0.6898327,0.9582371476994518,940.2650270462036
360,20,0.6898327,0.9582371476994518,963.025003194809
360,20,0.6898327,0.9582371476994518,970.2952282428741
360,20,0.6898327,0.9582371476994518,982.9310479164124
360,20,0.6898327,0.9582371476994518,989.847813129425
360,20,0.6898327,0.9582371476994518,995.2130932807922
360,20,0.6898327,0.9582371476994518,981.4688501358032
360,20,0.6898327,0.9582371476994518,979.4243421554565
360,20,0.6898327,0.9582371476994518,971.7524950504303
360,20,0.6898327,0.9582371476994518,991.1454253196716
360,20,0.6898327,0.9582371476994518,983.4879810810089
360,20,0.6898327,0.9582371476994518,983.7811200618744
360,20,0.6898327,0.9582371476994518,982.5188052654266
360,20,0.6898327,0.9582371476994518,973.8214011192322
360,20,0.6898327,0.9582371476994518,966.3964700698853
360,20,0.6898327,0.9582371476994518,970.2802360057831
360,20,0.6898327,0.9582371476994518,962.8650193214417
360,20,0.6898327,0.9582371476994518,968.2493121623993
360,20,0.6898327,0.9582371476994518,974.2463352680206
360,20,0.6898327,0.9582371476994518,965.9999949932098
360,20,0.6898327,0.9582371476994518,936.4580912590027
360,20,0.6898327,0.9582371476994518,931.0765180587769
360,20,0.6898327,0.9582371476994518,942.4155960083008
360,20,0.6898327,0.9582371476994518,940.941769361496
360,20,0.6898327,0.9582371476994518,933.7866232395172
360,20,0.6898327,0.9582371476994518,946.1037082672119
360,20,0.6898327,0.9582371476994518,947.0912530422211
360,20,0.6898327,0.9582371476994518,942.0746192932129
360,20,0.6898327,0.9582371476994518,946.9363729953766
360,20,0.6898327,0.9582371476994518,947.1167509555817
360,20,0.6898327,0.9582371476994518,958.2468030452728
360,20,0.6898327,0.9582371476994518,948.5435712337494
360,20,0.6898327,0.9582371476994518,967.558287858963
360,20,0.6898327,0.9582371476994518,973.8849122524261
360,20,0.6898327,0.9582371476994518,978.4066081047058
360,20,0.6898327,0.9582371476994518,989.9515290260315
360,20,0.6898327,0.9582371476994518,986.7354071140289
360,20,0.6898327,0.9582371476994518,977.7626078128815
360,20,0.6898327,0.9582371476994518,984.0294101238251
360,20,0.6898327,0.9582371476994518,999.2223167419434
360,20,0.6898327,0.9582371476994518,988.4387872219086
360,20,0.6898327,0.9582371476994518,1007.3785562515259
360,20,0.6898327,0.9582371476994518,993.2594621181488
360,20,0.6898327,0.9582371476994518,1011.799387216568
360,20,0.6898327,0.9582371476994518,1012.8385610580444
360,20,0.6898327,0.9582371476994518,1008.4248621463776
360,20,0.6898327,0.9582371476994518,1012.8861970901489
360,20,0.6898327,0.9582371476994518,1010.5102281570435
360,20,0.6898327,0.9582371476994518,1009.0099482536316
360,30,0.74234235,0.9032835944432243,1515.6812970638275
360,30,0.74234235,0.9032835944432243,1505.1860699653625
360,30,0.74234235,0.9032835944432243,1491.911502122879
360,30,0.74234235,0.9032835944432243,1484.247701883316
360,30,0.74234235,0.9032835944432243,1519.2287101745605
360,30,0.74234235,0.9032835944432243,1505.5983622074127
360,30,0.74234235,0.9032835944432243,1504.5782670974731
360,30,0.74234235,0.9032835944432243,1488.386640071869
360,30,0.74234235,0.9032835944432243,1455.6738412380219
360,30,0.74234235,0.9032835944432243,1464.309903383255
360,30,0.74234235,0.9032835944432243,1445.6770792007446
360,30,0.74234235,0.9032835944432243,1441.8980660438538
360,30,0.74234235,0.9032835944432243,1450.726308107376
360,30,0.74234235,0.9032835944432243,1424.3256821632385
360,30,0.74234235,0.9032835944432243,1418.53391289711
360,30,0.74234235,0.9032835944432243,1427.4256150722504
360,30,0.74234235,0.9032835944432243,1538.4035108089447
360,30,0.74234235,0.9032835944432243,1398.2023990154266
360,30,0.74234235,0.9032835944432243,1370.2404112815857
360,30,0.74234235,0.9032835944432243,1391.4769670963287
360,30,0.74234235,0.9032835944432243,1416.741369009018
360,30,0.74234235,0.9032835944432243,1426.684121131897
360,30,0.74234235,0.9032835944432243,1385.9389951229095
360,30,0.74234235,0.9032835944432243,1372.3716161251068
360,30,0.74234235,0.9032835944432243,1351.5038812160492
360,30,0.74234235,0.9032835944432243,1370.3789322376251
360,30,0.74234235,0.9032835944432243,1343.4036440849304
360,30,0.74234235,0.9032835944432243,1326.6011290550232
360,30,0.74234235,0.9032835944432243,1326.8560209274292
360,30,0.74234235,0.9032835944432243,1353.2457349300385
360,30,0.74234235,0.9032835944432243,1352.6545100212097
360,30,0.74234235,0.9032835944432243,1329.3421230316162
360,30,0.74234235,0.9032835944432243,1313.7584431171417
360,30,0.74234235,0.9032835944432243,1311.5488810539246
360,30,0.74234235,0.9032835944432243,1330.5303490161896
360,30,0.74234235,0.9032835944432243,1334.0884993076324
360,30,0.74234235,0.9032835944432243,1337.5001208782196
360,30,0.74234235,0.9032835944432243,1343.1689503192902
360,30,0.74234235,0.9032835944432243,1377.3826241493225
360,30,0.74234235,0.9032835944432243,1402.7721109390259
360,30,0.74234235,0.9032835944432243,1408.3350501060486
360,30,0.74234235,0.9032835944432243,1429.8075828552246
360,30,0.74234235,0.9032835944432243,1448.0349192619324
360,30,0.74234235,0.9032835944432243,1439.3123960494995
360,30,0.74234235,0.9032835944432243,1445.0702168941498
360,30,0.74234235,0.9032835944432243,1457.6170213222504
360,30,0.74234235,0.9032835944432243,1470.1759939193726
360,30,0.74234235,0.9032835944432243,1465.3834059238434
360,30,0.74234235,0.9032835944432243,1463.0186553001404
360,30,0.74234235,0.9032835944432243,1487.586637020111
300,30,0.74234235,0.9032835944432243,1504.8118481636047
300,30,0.74234235,0.9032835944432243,1507.2246112823486
300,30,0.74234235,0.9032835944432243,1499.8657352924347
300,30,0.74234235,0.9032835944432243,1494.6958193778992
300,30,0.74234235,0.9032835944432243,1520.7897074222565
300,30,0.74234235,0.9032835944432243,1523.0471444129944
300,30,0.74234235,0.9032835944432243,1527.13174533844
300,30,0.74234235,0.9032835944432243,1518.4794631004333
300,30,0.74234235,0.9032835944432243,1515.862897157669
300,30,0.74234235,0.9032835944432243,1529.11461019516
300,30,0.74234235,0.9032835944432243,1519.4322683811188
300,30,0.74234235,0.9032835944432243,1543.8467330932617
300,30,0.74234235,0.9032835944432243,1547.8179631233215
300,30,0.74234235,0.9032835944432243,1531.8157081604004
300,30,0.74234235,0.9032835944432243,1520.833827972412
300,30,0.74234235,0.9032835944432243,1529.1242361068726
300,30,0.74234235,0.9032835944432243,1511.7802829742432
300,30,0.74234235,0.9032835944432243,1508.0647411346436
300,30,0.74234235,0.9032835944432243,1502.2941613197327
300,30,0.74234235,0.9032835944432243,1507.9852883815765
300,30,0.74234235,0.9032835944432243,1522.3274941444397
300,30,0.74234235,0.9032835944432243,1499.727004289627
300,30,0.74234235,0.9032835944432243,1480.9948599338531
300,30,0.74234235,0.9032835944432243,1485.1373369693756
300,30,0.74234235,0.9032835944432243,1518.6363792419434
300,30,0.74234235,0.9032835944432243,1466.5710182189941
300,30,0.74234235,0.9032835944432243,1426.794233083725
300,30,0.74234235,0.9032835944432243,1454.5308232307434
300,30,0.74234235,0.9032835944432243,1452.2961661815643
300,30,0.74234235,0.9032835944432243,1438.5866429805756
300,30,0.74234235,0.9032835944432243,1417.6063661575317
300,30,0.74234235,0.9032835944432243,1424.2108752727509
300,30,0.74234235,0.9032835944432243,1424.6513712406158
300,30,0.74234235,0.9032835944432243,1440.7061631679535
300,30,0.74234235,0.9032835944432243,1416.4961261749268
300,30,0.74234235,0.9032835944432243,1377.6198062896729
300,30,0.74234235,0.9032835944432243,1370.3291010856628
300,30,0.74234235,0.9032835944432243,1369.5268020629883
300,30,0.74234235,0.9032835944432243,1341.860656261444
300,30,0.74234235,0.9032835944432243,1336.760201215744
300,30,0.74234235,0.9032835944432243,1338.471359014511
300,30,0.74234235,0.9032835944432243,1341.4432661533356
300,30,0.74234235,0.9032835944432243,1353.2732362747192
300,30,0.74234235,0.9032835944432243,1405.528555393219
300,30,0.74234235,0.9032835944432243,1432.214940071106
300,30,0.74234235,0.9032835944432243,1444.7140111923218
300,30,0.74234235,0.9032835944432243,1447.266372203827
300,30,0.74234235,0.9032835944432243,1445.8444194793701
300,30,0.74234235,0.9032835944432243,1446.2294664382935
300,30,0.74234235,0.9032835944432243,1458.1229479312897
300,20,0.6898327,0.9582371476994518,1012.5630316734314
300,20,0.6898327,0.9582371476994518,1029.9548716545105
300,20,0.6898327,0.9582371476994518,1042.7938697338104
300,20,0.6898327,0.9582371476994518,1037.6683356761932
300,20,0.6898327,0.9582371476994518,1027.500994682312
300,20,0.6898327,0.9582371476994518,1041.5777537822723
300,20,0.6898327,0.9582371476994518,1049.0595529079437
300,20,0.6898327,0.9582371476994518,1050.50590467453
300,20,0.6898327,0.9582371476994518,1069.246880531311
300,20,0.6898327,0.9582371476994518,1070.2987549304962
300,20,0.6898327,0.9582371476994518,1067.2282195091248
300,20,0.6898327,0.9582371476994518,1065.2279677391052
300,20,0.6898327,0.9582371476994518,1071.2499215602875
300,20,0.6898327,0.9582371476994518,1076.5932586193085
300,20,0.6898327,0.9582371476994518,1074.383755683899
300,20,0.6898327,0.9582371476994518,1087.1346764564514
300,20,0.6898327,0.9582371476994518,1058.1033918857574
300,20,0.6898327,0.9582371476994518,1054.8490216732025
300,20,0.6898327,0.9582371476994518,1074.0397365093231
300,20,0.6898327,0.9582371476994518,1083.5174899101257
300,20,0.6898327,0.9582371476994518,1067.0844428539276
300,20,0.6898327,0.9582371476994518,1070.3861954212189
300,20,0.6898327,0.9582371476994518,1069.8462736606598
300,20,0.6898327,0.9582371476994518,1081.472241640091
300,20,0.6898327,0.9582371476994518,1076.6767148971558
300,20,0.6898327,0.9582371476994518,1068.6077666282654
300,20,0.6898327,0.9582371476994518,1076.786364555359
300,20,0.6898327,0.9582371476994518,1072.6349625587463
300,20,0.6898327,0.9582371476994518,1073.1057233810425
300,20,0.6898327,0.9582371476994518,1062.9410905838013
300,20,0.6898327,0.9582371476994518,1072.0193254947662
300,20,0.6898327,0.9582371476994518,1064.2502655982971
300,20,0.6898327,0.9582371476994518,1071.6305656433105
300,20,0.6898327,0.9582371476994518,1051.0486505031586
300,20,0.6898327,0.9582371476994518,1042.8992178440094
300,20,0.6898327,0.9582371476994518,1021.2213950157166
300,20,0.6898327,0.9582371476994518,1043.5922574996948
300,20,0.6898327,0.9582371476994518,1040.181935787201
300,20,0.6898327,0.9582371476994518,1032.407722711563
300,20,0.6898327,0.9582371476994518,1026.6710720062256
300,20,0.6898327,0.9582371476994518,1034.9399046897888
300,20,0.6898327,0.9582371476994518,1034.0468077659607
300,20,0.6898327,0.9582371476994518,1051.7887070178986
300,20,0.6898327,0.9582371476994518,1102.382479429245
300,20,0.6898327,0.9582371476994518,1036.2069954872131
300,20,0.6898327,0.9582371476994518,1028.6985898017883
300,20,0.6898327,0.9582371476994518,1012.9999666213989
300,20,0.6898327,0.9582371476994518,1020.7456834316254
300,20,0.6898327,0.9582371476994518,1034.0470638275146
300,20,0.6898327,0.9582371476994518,1015.5353705883026
1500,30,0,0,0
1500,40,0,0,0
